Airfoil,AoA_deg,Cl,Cd,Cm,Re
FFA-W3-241,-180.0,0.0,0.01177544706410594,0.0,10000000
FFA-W3-241,-177.71428574040064,0.05817799999999972,0.01248241260198391,0.09142857142857111,10000000
FFA-W3-241,-175.4285714000024,0.1163560000000001,0.01459878240467653,0.1828571428571434,10000000
FFA-W3-241,-173.1428571168999,0.1745339999999998,0.01811096054673407,0.2742857142857145,10000000
FFA-W3-241,-170.85716042360175,0.2327120000000001,0.02299639088779405,0.3657142857142855,10000000
FFA-W3-241,-168.5716317788249,0.2908899999999999,0.02922369647552087,0.3956763450520955,10000000
FFA-W3-241,-166.28571426759248,0.3490679999999995,0.05381969831066666,0.3887584971354481,10000000
FFA-W3-241,-163.99999998449002,0.4072459999999999,0.08379399231618556,0.3818406492188006,10000000
FFA-W3-241,-161.71447288669918,0.4654239999999996,0.1178630778979731,0.3749228013021533,10000000
FFA-W3-241,-159.42837128412722,0.523602,0.1558119510371117,0.3740843285591013,10000000
FFA-W3-241,-157.14284263935036,0.5817799999999997,0.1974011487998909,0.3914839813368354,10000000
FFA-W3-241,-154.85731399457353,0.6399580000000001,0.242368269760347,0.4088836341145699,10000000
FFA-W3-241,-152.5714285689776,0.6981359999999998,0.2904296400140884,0.4262832868923042,10000000
FFA-W3-241,-150.28571428587514,0.7563140000000002,0.3412821141889975,0.4436829396700386,10000000
FFA-W3-241,-148.00000000277268,0.8144919999999998,0.394605,0.4453716275543733,10000000
FFA-W3-241,-143.85714283600154,0.7792464302724209,0.4964515212818632,0.4443643566491176,10000000
FFA-W3-241,-139.7142857265262,0.7451071591370395,0.6031945752737573,0.4435983994287483,10000000
FFA-W3-241,-135.57142855975508,0.7088137481222476,0.7126277071805793,0.4460901769543472,10000000
FFA-W3-241,-131.42857145027972,0.6683458115525404,0.8224902609928115,0.4485819544799459,10000000
FFA-W3-241,-127.28571428350858,0.6225263575881583,0.9305144490385059,0.4536989103045144,10000000
FFA-W3-241,-123.14285711673747,0.5707951681755026,1.034472560839366,0.4601975389180142,10000000
FFA-W3-241,-119.00000000726213,0.5130692040229429,1.132223326418828,0.4663277194153696,10000000
FFA-W3-241,-114.857142840491,0.4496493863351846,1.221756466908459,0.4712999201191282,10000000
FFA-W3-241,-110.71428573101564,0.3811527280710469,1.301234503184361,0.4762721208228869,10000000
FFA-W3-241,-106.57142856424451,0.3084584943135641,1.369030950546305,0.4770470794649723,10000000
FFA-W3-241,-102.42857145476917,0.2326621563088236,1.423764102933106,0.4769476126775422,10000000
FFA-W3-241,-98.28571428799803,0.1550337076275116,1.464325702272211,0.4740887008224939,10000000
FFA-W3-241,-94.14285712122691,0.07697853256272918,1.489903895366822,0.467320575121653,10000000
FFA-W3-241,-90.00000001175157,6.938893903907228e-17,1.5,0.4605524494208121,10000000
FFA-W3-241,-85.85714284498043,-0.07697853256272895,1.489903895366822,0.4450945670669362,10000000
FFA-W3-241,-81.71428573550509,-0.1550337076275116,1.464325702272211,0.4296366847130603,10000000
FFA-W3-241,-77.57142856873396,-0.2326621563088234,1.423764102933106,0.4112541220321606,10000000
FFA-W3-241,-73.42857140196283,-0.3084584943135639,1.369030950546305,0.3908070791204207,10000000
FFA-W3-241,-69.28571429248747,-0.3811527280710469,1.301234503184361,0.3698777372479554,10000000
FFA-W3-241,-65.14285712571635,-0.4496493863351844,1.22175646690846,0.3466333603640094,10000000
FFA-W3-241,-61.000000016241,-0.5130692040229429,1.132223326418828,0.3233889834800633,10000000
FFA-W3-241,-56.857142849469874,-0.5707951681755025,1.034472560839366,0.2998354483726866,10000000
FFA-W3-241,-52.71428573999452,-0.6225263575881583,0.9305144490385059,0.2761835447396729,10000000
FFA-W3-241,-48.5714285732234,-0.6683458115525401,0.8224902609928122,0.2527992279113344,10000000
FFA-W3-241,-44.42857140645227,-0.7088137481222476,0.7126277071805793,0.2299233260118784,10000000
FFA-W3-241,-40.28571429697693,-0.7451071591370394,0.6031945752737576,0.2070474241124226,10000000
FFA-W3-241,-36.14285713020579,-0.7792464302724209,0.4964515212818629,0.1456060142046668,10000000
FFA-W3-241,-32.00000002073045,-0.8144920000000002,0.394605,0.0813079,10000000
FFA-W3-241,-28.000000025301112,-1.077809,0.222521,0.0459169,10000000
FFA-W3-241,-23.999999972576,-1.12692,0.151592,0.01901030000000003,10000000
FFA-W3-241,-19.99999997714667,-1.1448,0.0969875,0.0006315499999999995,10000000
FFA-W3-241,-17.999999979432,-1.12797,0.0774353,-0.00342245,10000000
FFA-W3-241,-15.999999981717332,-1.09392,0.0612223,-0.0058652,10000000
FFA-W3-241,-13.999999984002669,-1.05961,0.0466721,-0.00652125,10000000
FFA-W3-241,-11.999999986288,-1.031215,0.0330216,-0.007554099999999999,10000000
FFA-W3-241,-9.999999988573334,-0.937059,0.0202688,-0.0224323,10000000
FFA-W3-241,-7.999999990858666,-0.673795,0.01167894,-0.055829,10000000
FFA-W3-241,-5.999999993144,-0.403909,0.00917822,-0.0715901,10000000
FFA-W3-241,-3.999999995429333,-0.14226,0.00838762,-0.0812253,10000000
FFA-W3-241,-1.9999999977146665,0.1158039,0.00810497,-0.08892019999999999,10000000
FFA-W3-241,-1.0000000275052232,0.243824,0.008082470000000001,-0.0923527,10000000
FFA-W3-241,0.0,0.371129,0.00812783,-0.0955637,10000000
FFA-W3-241,1.0000000275052232,0.497655,0.008240289999999999,-0.0985678,10000000
FFA-W3-241,1.9999999977146665,0.6233420000000001,0.00841819,-0.1013918,10000000
FFA-W3-241,3.0000000252198897,0.747981,0.00867336,-0.1040302,10000000
FFA-W3-241,3.999999995429333,0.871372,0.00900857,-0.106451,10000000
FFA-W3-241,5.0000000229345565,0.993202,0.00944734,-0.108633,10000000
FFA-W3-241,5.999999993144,1.11325,0.00997828,-0.110572,10000000
FFA-W3-241,7.000000020649224,1.23037,0.01070204,-0.112141,10000000
FFA-W3-241,7.999999990858666,1.34496,0.0115279,-0.113368,10000000
FFA-W3-241,9.00000001836389,1.45407,0.0126944,-0.113958,10000000
FFA-W3-241,9.999999988573334,1.55911,0.0139646,-0.114027,10000000
FFA-W3-241,11.000000016078555,1.65779,0.015453,-0.113365,10000000
FFA-W3-241,11.999999986288,1.74834,0.0172426,-0.111865,10000000
FFA-W3-241,13.000000013793224,1.82666,0.0196113,-0.109351,10000000
FFA-W3-241,13.999999984002669,1.88831,0.0229324,-0.1060607,10000000
FFA-W3-241,15.000000011507892,1.92579,0.0279527,-0.1023772,10000000
FFA-W3-241,15.999999981717332,1.92722,0.0360913,-0.09886919999999999,10000000
FFA-W3-241,17.999999979432,1.80055,0.0653426,-0.0949704,10000000
FFA-W3-241,19.99999997714667,1.63088,0.1045871,-0.0999569,10000000
FFA-W3-241,23.999999972576,1.43345,0.191485,-0.125888,10000000
FFA-W3-241,28.000000025301112,1.28805,0.286294,-0.154528,10000000
FFA-W3-241,32.00000002073045,1.16356,0.394605,-0.183965,10000000
FFA-W3-241,36.14285713020579,1.113209186103459,0.4964515212818629,-0.2109869139440005,10000000
FFA-W3-241,40.28571429697693,1.064438798767199,0.6031945752737579,-0.2376791550670783,10000000
FFA-W3-241,44.42857140645227,1.012591068746068,0.7126277071805793,-0.2599208131076984,10000000
FFA-W3-241,48.5714285732234,0.9547797307893432,0.8224902609928122,-0.2821624711483185,10000000
FFA-W3-241,52.71428573999452,0.8893233679830833,0.9305144490385059,-0.3032292136924059,10000000
FFA-W3-241,56.857142849469874,0.8154216688221464,1.034472560839366,-0.3236775796593707,10000000
FFA-W3-241,61.000000016241,0.7329560057470612,1.132223326418828,-0.3438049093730668,10000000
FFA-W3-241,65.14285712571635,0.6423562661931204,1.22175646690846,-0.3629232680050612,10000000
FFA-W3-241,69.28571429248747,0.5445038972443527,1.301234503184361,-0.3820416266370555,10000000
FFA-W3-241,73.42857140196283,0.4406549918765199,1.369030950546305,-0.3994389100207872,10000000
FFA-W3-241,77.57142856873396,0.3323745090126048,1.423764102933106,-0.4164776360611308,10000000
FFA-W3-241,81.71428573550509,0.2214767251821594,1.464325702272211,-0.4323092709995288,10000000
FFA-W3-241,85.85714284498043,0.1099693322324699,1.489903895366822,-0.4464308602101705,10000000
FFA-W3-241,90.00000001175157,9.71445146547012e-17,1.5,-0.4605524494208121,10000000
FFA-W3-241,94.14285712122691,-0.07697853256272895,1.489903895366822,-0.467320575121653,10000000
FFA-W3-241,98.28571428799803,-0.1550337076275116,1.464325702272211,-0.4740887008224939,10000000
FFA-W3-241,102.42857145476917,-0.2326621563088234,1.423764102933106,-0.4769476126775422,10000000
FFA-W3-241,106.57142856424451,-0.3084584943135639,1.369030950546305,-0.4770470794649723,10000000
FFA-W3-241,110.71428573101564,-0.3811527280710469,1.301234503184361,-0.4762721208228869,10000000
FFA-W3-241,114.857142840491,-0.4496493863351842,1.22175646690846,-0.4712999201191283,10000000
FFA-W3-241,119.00000000726213,-0.5130692040229429,1.132223326418828,-0.4663277194153696,10000000
FFA-W3-241,123.14285711673747,-0.5707951681755022,1.034472560839367,-0.4601975389180142,10000000
FFA-W3-241,127.28571428350858,-0.6225263575881583,0.9305144490385059,-0.4536989103045144,10000000
FFA-W3-241,131.42857145027972,-0.6683458115525404,0.8224902609928115,-0.4485819544799459,10000000
FFA-W3-241,135.57142855975508,-0.7088137481222476,0.7126277071805793,-0.4460901769543472,10000000
FFA-W3-241,139.7142857265262,-0.7451071591370395,0.6031945752737573,-0.4435983994287483,10000000
FFA-W3-241,143.85714283600154,-0.7792464302724209,0.4964515212818632,-0.4443643566491176,10000000
FFA-W3-241,148.00000000277268,-0.8144920000000002,0.394605,-0.4453716275543733,10000000
FFA-W3-241,150.28571428587514,-0.7563140000000002,0.3412821141889975,-0.4436829396700386,10000000
FFA-W3-241,152.5714285689776,-0.6981359999999998,0.2904296400140884,-0.4262832868923042,10000000
FFA-W3-241,154.8571428520801,-0.6399580000000001,0.242368269760347,-0.4088836341145699,10000000
FFA-W3-241,157.14285713518257,-0.5817799999999997,0.1974011487998909,-0.3914839813368354,10000000
FFA-W3-241,159.42857141828506,-0.523602,0.1558119510371117,-0.3740843285591013,10000000
FFA-W3-241,161.71428570138752,-0.4654240000000002,0.1178630778979735,-0.3920656584450101,10000000
FFA-W3-241,163.99999998449002,-0.4072459999999999,0.08379399231618556,-0.4218406492188006,10000000
FFA-W3-241,166.28571426759248,-0.3490680000000003,0.05381969831066696,-0.4516156399925907,10000000
FFA-W3-241,168.57142855069498,-0.2908899999999999,0.02922369647552087,-0.4813906307663812,10000000
FFA-W3-241,170.85714283379744,-0.2327120000000001,0.02299639088779405,-0.457142857142857,10000000
FFA-W3-241,173.1428571168999,-0.1745339999999998,0.01811096054673407,-0.3428571428571431,10000000
FFA-W3-241,175.4285714000024,-0.1163560000000001,0.01459878240467653,-0.2285714285714291,10000000
FFA-W3-241,177.71428574040064,-0.05817799999999972,0.01248241260198391,-0.1142857142857139,10000000
FFA-W3-241,180.0,0.0,0.01177544706410594,0.0,10000000
