severity,r_R,wind_speed,area_pct,power_loss_kw,aep_loss_pct,daily_energy_loss_kwh
1,0.3,4.0,0.5,0.0,0.1,31.1
1,0.3,4.0,2.0,0.0,0.1,31.1
1,0.3,4.0,5.0,0.0,0.1,31.1
1,0.3,4.0,10.0,0.0,0.1,31.1
1,0.3,6.0,0.5,0.0,0.1,31.1
1,0.3,6.0,2.0,0.0,0.1,31.1
1,0.3,6.0,5.0,0.0,0.1,31.1
1,0.3,6.0,10.0,0.0,0.1,31.1
1,0.3,8.0,0.5,0.0,0.1,31.1
1,0.3,8.0,2.0,0.0,0.1,31.1
1,0.3,8.0,5.0,0.0,0.1,31.1
1,0.3,8.0,10.0,0.0,0.1,31.1
1,0.3,10.0,0.5,0.01,0.1,31.1
1,0.3,10.0,2.0,0.01,0.1,31.1
1,0.3,10.0,5.0,0.01,0.1,31.1
1,0.3,10.0,10.0,0.01,0.1,31.1
1,0.3,12.0,0.5,0.0,0.1,31.1
1,0.3,12.0,2.0,0.0,0.1,31.1
1,0.3,12.0,5.0,0.0,0.1,31.1
1,0.3,12.0,10.0,0.0,0.1,31.1
1,0.3,15.0,0.5,0.0,0.1,31.1
1,0.3,15.0,2.0,0.0,0.1,31.1
1,0.3,15.0,5.0,0.0,0.1,31.1
1,0.3,15.0,10.0,0.0,0.1,31.1
1,0.5,4.0,0.5,0.0,0.1,31.1
1,0.5,4.0,2.0,0.0,0.1,31.1
1,0.5,4.0,5.0,0.0,0.1,31.1
1,0.5,4.0,10.0,0.0,0.1,31.1
1,0.5,6.0,0.5,0.02,0.1,31.1
1,0.5,6.0,2.0,0.02,0.1,31.1
1,0.5,6.0,5.0,0.02,0.1,31.1
1,0.5,6.0,10.0,0.02,0.1,31.1
1,0.5,8.0,0.5,0.09,0.1,31.1
1,0.5,8.0,2.0,0.09,0.1,31.1
1,0.5,8.0,5.0,0.1,0.1,31.1
1,0.5,8.0,10.0,0.1,0.1,31.1
1,0.5,10.0,0.5,0.24,0.1,31.1
1,0.5,10.0,2.0,0.26,0.1,31.1
1,0.5,10.0,5.0,0.27,0.1,31.1
1,0.5,10.0,10.0,0.29,0.1,31.1
1,0.5,12.0,0.5,0.0,0.1,31.1
1,0.5,12.0,2.0,0.0,0.1,31.1
1,0.5,12.0,5.0,0.0,0.1,31.1
1,0.5,12.0,10.0,0.0,0.1,31.1
1,0.5,15.0,0.5,0.0,0.1,31.1
1,0.5,15.0,2.0,0.0,0.1,31.1
1,0.5,15.0,5.0,0.0,0.1,31.1
1,0.5,15.0,10.0,0.0,0.1,31.1
1,0.7,4.0,0.5,0.01,0.1,31.1
1,0.7,4.0,2.0,0.01,0.1,31.1
1,0.7,4.0,5.0,0.01,0.1,31.1
1,0.7,4.0,10.0,0.01,0.1,31.1
1,0.7,6.0,0.5,0.18,0.1,31.1
1,0.7,6.0,2.0,0.19,0.1,31.1
1,0.7,6.0,5.0,0.21,0.1,31.1
1,0.7,6.0,10.0,0.22,0.1,31.1
1,0.7,8.0,0.5,0.84,0.1,31.1
1,0.7,8.0,2.0,0.89,0.1,31.1
1,0.7,8.0,5.0,0.95,0.1,31.1
1,0.7,8.0,10.0,1.0,0.1,31.1
1,0.7,10.0,0.5,2.3,0.1,31.1
1,0.7,10.0,2.0,2.45,0.1,31.1
1,0.7,10.0,5.0,2.61,0.1,31.1
1,0.7,10.0,10.0,2.74,0.1,31.1
1,0.7,12.0,0.5,0.03,0.1,31.1
1,0.7,12.0,2.0,0.03,0.1,31.1
1,0.7,12.0,5.0,0.03,0.1,31.1
1,0.7,12.0,10.0,0.03,0.1,31.1
1,0.7,15.0,0.5,0.03,0.1,31.1
1,0.7,15.0,2.0,0.03,0.1,31.1
1,0.7,15.0,5.0,0.03,0.1,31.1
1,0.7,15.0,10.0,0.03,0.1,31.1
1,0.85,4.0,0.5,0.02,0.25,76.57
1,0.85,4.0,2.0,0.03,0.26,81.67
1,0.85,4.0,5.0,0.03,0.28,86.77
1,0.85,4.0,10.0,0.03,0.29,91.23
1,0.85,6.0,0.5,0.67,0.25,76.57
1,0.85,6.0,2.0,0.71,0.26,81.67
1,0.85,6.0,5.0,0.75,0.28,86.77
1,0.85,6.0,10.0,0.79,0.29,91.23
1,0.85,8.0,0.5,3.08,0.25,76.57
1,0.85,8.0,2.0,3.28,0.26,81.67
1,0.85,8.0,5.0,3.49,0.28,86.77
1,0.85,8.0,10.0,3.67,0.29,91.23
1,0.85,10.0,0.5,8.45,0.25,76.57
1,0.85,10.0,2.0,9.01,0.26,81.67
1,0.85,10.0,5.0,9.58,0.28,86.77
1,0.85,10.0,10.0,10.07,0.29,91.23
1,0.85,12.0,0.5,0.12,0.25,76.57
1,0.85,12.0,2.0,0.12,0.26,81.67
1,0.85,12.0,5.0,0.12,0.28,86.77
1,0.85,12.0,10.0,0.12,0.29,91.23
1,0.85,15.0,0.5,0.12,0.25,76.57
1,0.85,15.0,2.0,0.12,0.26,81.67
1,0.85,15.0,5.0,0.12,0.28,86.77
1,0.85,15.0,10.0,0.12,0.29,91.23
1,0.9,4.0,0.5,0.04,0.36,112.3
1,0.9,4.0,2.0,0.04,0.39,119.78
1,0.9,4.0,5.0,0.04,0.41,127.26
1,0.9,4.0,10.0,0.04,0.43,133.8
1,0.9,6.0,0.5,0.98,0.36,112.3
1,0.9,6.0,2.0,1.04,0.39,119.78
1,0.9,6.0,5.0,1.11,0.41,127.26
1,0.9,6.0,10.0,1.16,0.43,133.8
1,0.9,8.0,0.5,4.52,0.36,112.3
1,0.9,8.0,2.0,4.82,0.39,119.78
1,0.9,8.0,5.0,5.12,0.41,127.26
1,0.9,8.0,10.0,5.38,0.43,133.8
1,0.9,10.0,0.5,12.39,0.36,112.3
1,0.9,10.0,2.0,13.22,0.39,119.78
1,0.9,10.0,5.0,14.05,0.41,127.26
1,0.9,10.0,10.0,14.77,0.43,133.8
1,0.9,12.0,0.5,0.17,0.36,112.3
1,0.9,12.0,2.0,0.17,0.39,119.78
1,0.9,12.0,5.0,0.17,0.41,127.26
1,0.9,12.0,10.0,0.17,0.43,133.8
1,0.9,15.0,0.5,0.17,0.36,112.3
1,0.9,15.0,2.0,0.17,0.39,119.78
1,0.9,15.0,5.0,0.17,0.41,127.26
1,0.9,15.0,10.0,0.17,0.43,133.8
1,0.95,4.0,0.5,0.05,0.52,161.32
1,0.95,4.0,2.0,0.06,0.55,172.07
1,0.95,4.0,5.0,0.06,0.59,182.81
1,0.95,4.0,10.0,0.06,0.62,192.21
1,0.95,6.0,0.5,1.4,0.52,161.32
1,0.95,6.0,2.0,1.49,0.55,172.07
1,0.95,6.0,5.0,1.59,0.59,182.81
1,0.95,6.0,10.0,1.67,0.62,192.21
1,0.95,8.0,0.5,6.49,0.52,161.32
1,0.95,8.0,2.0,6.92,0.55,172.07
1,0.95,8.0,5.0,7.35,0.59,182.81
1,0.95,8.0,10.0,7.73,0.62,192.21
1,0.95,10.0,0.5,17.8,0.52,161.32
1,0.95,10.0,2.0,18.99,0.55,172.07
1,0.95,10.0,5.0,20.18,0.59,182.81
1,0.95,10.0,10.0,21.21,0.62,192.21
1,0.95,12.0,0.5,0.25,0.52,161.32
1,0.95,12.0,2.0,0.25,0.55,172.07
1,0.95,12.0,5.0,0.25,0.59,182.81
1,0.95,12.0,10.0,0.25,0.62,192.21
1,0.95,15.0,0.5,0.25,0.52,161.32
1,0.95,15.0,2.0,0.25,0.55,172.07
1,0.95,15.0,5.0,0.25,0.59,182.81
1,0.95,15.0,10.0,0.25,0.62,192.21
1,0.98,4.0,0.5,0.06,0.64,198.68
1,0.98,4.0,2.0,0.07,0.68,211.92
1,0.98,4.0,5.0,0.07,0.72,225.15
1,0.98,4.0,10.0,0.08,0.76,236.73
1,0.98,6.0,0.5,1.73,0.64,198.68
1,0.98,6.0,2.0,1.84,0.68,211.92
1,0.98,6.0,5.0,1.96,0.72,225.15
1,0.98,6.0,10.0,2.06,0.76,236.73
1,0.98,8.0,0.5,7.99,0.64,198.68
1,0.98,8.0,2.0,8.52,0.68,211.92
1,0.98,8.0,5.0,9.06,0.72,225.15
1,0.98,8.0,10.0,9.52,0.76,236.73
1,0.98,10.0,0.5,21.93,0.64,198.68
1,0.98,10.0,2.0,23.39,0.68,211.92
1,0.98,10.0,5.0,24.85,0.72,225.15
1,0.98,10.0,10.0,26.13,0.76,236.73
1,0.98,12.0,0.5,0.3,0.64,198.68
1,0.98,12.0,2.0,0.3,0.68,211.92
1,0.98,12.0,5.0,0.3,0.72,225.15
1,0.98,12.0,10.0,0.3,0.76,236.73
1,0.98,15.0,0.5,0.3,0.64,198.68
1,0.98,15.0,2.0,0.3,0.68,211.92
1,0.98,15.0,5.0,0.3,0.72,225.15
1,0.98,15.0,10.0,0.3,0.76,236.73
2,0.3,4.0,0.5,0.0,0.1,31.1
2,0.3,4.0,2.0,0.0,0.1,31.1
2,0.3,4.0,5.0,0.0,0.1,31.1
2,0.3,4.0,10.0,0.0,0.1,31.1
2,0.3,6.0,0.5,0.0,0.1,31.1
2,0.3,6.0,2.0,0.0,0.1,31.1
2,0.3,6.0,5.0,0.0,0.1,31.1
2,0.3,6.0,10.0,0.0,0.1,31.1
2,0.3,8.0,0.5,0.01,0.1,31.1
2,0.3,8.0,2.0,0.01,0.1,31.1
2,0.3,8.0,5.0,0.01,0.1,31.1
2,0.3,8.0,10.0,0.01,0.1,31.1
2,0.3,10.0,0.5,0.02,0.1,31.1
2,0.3,10.0,2.0,0.02,0.1,31.1
2,0.3,10.0,5.0,0.02,0.1,31.1
2,0.3,10.0,10.0,0.02,0.1,31.1
2,0.3,12.0,0.5,0.0,0.1,31.1
2,0.3,12.0,2.0,0.0,0.1,31.1
2,0.3,12.0,5.0,0.0,0.1,31.1
2,0.3,12.0,10.0,0.0,0.1,31.1
2,0.3,15.0,0.5,0.0,0.1,31.1
2,0.3,15.0,2.0,0.0,0.1,31.1
2,0.3,15.0,5.0,0.0,0.1,31.1
2,0.3,15.0,10.0,0.0,0.1,31.1
2,0.5,4.0,0.5,0.0,0.1,31.1
2,0.5,4.0,2.0,0.0,0.1,31.1
2,0.5,4.0,5.0,0.0,0.1,31.1
2,0.5,4.0,10.0,0.0,0.1,31.1
2,0.5,6.0,0.5,0.04,0.1,31.1
2,0.5,6.0,2.0,0.04,0.1,31.1
2,0.5,6.0,5.0,0.04,0.1,31.1
2,0.5,6.0,10.0,0.05,0.1,31.1
2,0.5,8.0,0.5,0.18,0.1,31.1
2,0.5,8.0,2.0,0.2,0.1,31.1
2,0.5,8.0,5.0,0.21,0.1,31.1
2,0.5,8.0,10.0,0.22,0.1,31.1
2,0.5,10.0,0.5,0.5,0.1,31.1
2,0.5,10.0,2.0,0.54,0.1,31.1
2,0.5,10.0,5.0,0.57,0.1,31.1
2,0.5,10.0,10.0,0.6,0.1,31.1
2,0.5,12.0,0.5,0.01,0.1,31.1
2,0.5,12.0,2.0,0.01,0.1,31.1
2,0.5,12.0,5.0,0.01,0.1,31.1
2,0.5,12.0,10.0,0.01,0.1,31.1
2,0.5,15.0,0.5,0.01,0.1,31.1
2,0.5,15.0,2.0,0.01,0.1,31.1
2,0.5,15.0,5.0,0.01,0.1,31.1
2,0.5,15.0,10.0,0.01,0.1,31.1
2,0.7,4.0,0.5,0.01,0.14,43.44
2,0.7,4.0,2.0,0.01,0.15,46.33
2,0.7,4.0,5.0,0.02,0.16,49.22
2,0.7,4.0,10.0,0.02,0.17,51.75
2,0.7,6.0,0.5,0.38,0.14,43.44
2,0.7,6.0,2.0,0.4,0.15,46.33
2,0.7,6.0,5.0,0.43,0.16,49.22
2,0.7,6.0,10.0,0.45,0.17,51.75
2,0.7,8.0,0.5,1.75,0.14,43.44
2,0.7,8.0,2.0,1.86,0.15,46.33
2,0.7,8.0,5.0,1.98,0.16,49.22
2,0.7,8.0,10.0,2.08,0.17,51.75
2,0.7,10.0,0.5,4.79,0.14,43.44
2,0.7,10.0,2.0,5.11,0.15,46.33
2,0.7,10.0,5.0,5.43,0.16,49.22
2,0.7,10.0,10.0,5.71,0.17,51.75
2,0.7,12.0,0.5,0.07,0.14,43.44
2,0.7,12.0,2.0,0.07,0.15,46.33
2,0.7,12.0,5.0,0.07,0.16,49.22
2,0.7,12.0,10.0,0.07,0.17,51.75
2,0.7,15.0,0.5,0.07,0.14,43.44
2,0.7,15.0,2.0,0.07,0.15,46.33
2,0.7,15.0,5.0,0.07,0.16,49.22
2,0.7,15.0,10.0,0.07,0.17,51.75
2,0.85,4.0,0.5,0.05,0.51,159.52
2,0.85,4.0,2.0,0.05,0.55,170.14
2,0.85,4.0,5.0,0.06,0.58,180.77
2,0.85,4.0,10.0,0.06,0.61,190.06
2,0.85,6.0,0.5,1.39,0.51,159.52
2,0.85,6.0,2.0,1.48,0.55,170.14
2,0.85,6.0,5.0,1.57,0.58,180.77
2,0.85,6.0,10.0,1.65,0.61,190.06
2,0.85,8.0,0.5,6.42,0.51,159.52
2,0.85,8.0,2.0,6.84,0.55,170.14
2,0.85,8.0,5.0,7.27,0.58,180.77
2,0.85,8.0,10.0,7.64,0.61,190.06
2,0.85,10.0,0.5,17.61,0.51,159.52
2,0.85,10.0,2.0,18.78,0.55,170.14
2,0.85,10.0,5.0,19.95,0.58,180.77
2,0.85,10.0,10.0,20.98,0.61,190.06
2,0.85,12.0,0.5,0.24,0.51,159.52
2,0.85,12.0,2.0,0.24,0.55,170.14
2,0.85,12.0,5.0,0.24,0.58,180.77
2,0.85,12.0,10.0,0.24,0.61,190.06
2,0.85,15.0,0.5,0.24,0.51,159.52
2,0.85,15.0,2.0,0.24,0.55,170.14
2,0.85,15.0,5.0,0.24,0.58,180.77
2,0.85,15.0,10.0,0.24,0.61,190.06
2,0.9,4.0,0.5,0.08,0.75,233.95
2,0.9,4.0,2.0,0.08,0.8,249.54
2,0.9,4.0,5.0,0.09,0.85,265.12
2,0.9,4.0,10.0,0.09,0.9,278.75
2,0.9,6.0,0.5,2.03,0.75,233.95
2,0.9,6.0,2.0,2.17,0.8,249.54
2,0.9,6.0,5.0,2.3,0.85,265.12
2,0.9,6.0,10.0,2.42,0.9,278.75
2,0.9,8.0,0.5,9.41,0.75,233.95
2,0.9,8.0,2.0,10.04,0.8,249.54
2,0.9,8.0,5.0,10.66,0.85,265.12
2,0.9,8.0,10.0,11.21,0.9,278.75
2,0.9,10.0,0.5,25.82,0.75,233.95
2,0.9,10.0,2.0,27.54,0.8,249.54
2,0.9,10.0,5.0,29.26,0.85,265.12
2,0.9,10.0,10.0,30.76,0.9,278.75
2,0.9,12.0,0.5,0.36,0.75,233.95
2,0.9,12.0,2.0,0.36,0.8,249.54
2,0.9,12.0,5.0,0.36,0.85,265.12
2,0.9,12.0,10.0,0.36,0.9,278.75
2,0.9,15.0,0.5,0.36,0.75,233.95
2,0.9,15.0,2.0,0.36,0.8,249.54
2,0.9,15.0,5.0,0.36,0.85,265.12
2,0.9,15.0,10.0,0.36,0.9,278.75
2,0.95,4.0,0.5,0.11,1.08,336.09
2,0.95,4.0,2.0,0.12,1.15,358.48
2,0.95,4.0,5.0,0.12,1.22,380.86
2,0.95,4.0,10.0,0.13,1.29,400.44
2,0.95,6.0,0.5,2.92,1.08,336.09
2,0.95,6.0,2.0,3.11,1.15,358.48
2,0.95,6.0,5.0,3.31,1.22,380.86
2,0.95,6.0,10.0,3.48,1.29,400.44
2,0.95,8.0,0.5,13.52,1.08,336.09
2,0.95,8.0,2.0,14.42,1.15,358.48
2,0.95,8.0,5.0,15.32,1.22,380.86
2,0.95,8.0,10.0,16.11,1.29,400.44
2,0.95,10.0,0.5,37.09,1.08,336.09
2,0.95,10.0,2.0,39.56,1.15,358.48
2,0.95,10.0,5.0,42.03,1.22,380.86
2,0.95,10.0,10.0,44.2,1.29,400.44
2,0.95,12.0,0.5,0.51,1.08,336.09
2,0.95,12.0,2.0,0.51,1.15,358.48
2,0.95,12.0,5.0,0.51,1.22,380.86
2,0.95,12.0,10.0,0.51,1.29,400.44
2,0.95,15.0,0.5,0.51,1.08,336.09
2,0.95,15.0,2.0,0.51,1.15,358.48
2,0.95,15.0,5.0,0.51,1.22,380.86
2,0.95,15.0,10.0,0.51,1.29,400.44
2,0.98,4.0,0.5,0.13,1.33,413.92
2,0.98,4.0,2.0,0.14,1.42,441.49
2,0.98,4.0,5.0,0.15,1.51,469.07
2,0.98,4.0,10.0,0.16,1.59,493.18
2,0.98,6.0,0.5,3.6,1.33,413.92
2,0.98,6.0,2.0,3.84,1.42,441.49
2,0.98,6.0,5.0,4.08,1.51,469.07
2,0.98,6.0,10.0,4.28,1.59,493.18
2,0.98,8.0,0.5,16.65,1.33,413.92
2,0.98,8.0,2.0,17.76,1.42,441.49
2,0.98,8.0,5.0,18.87,1.51,469.07
2,0.98,8.0,10.0,19.84,1.59,493.18
2,0.98,10.0,0.5,45.68,1.33,413.92
2,0.98,10.0,2.0,48.73,1.42,441.49
2,0.98,10.0,5.0,51.77,1.51,469.07
2,0.98,10.0,10.0,54.43,1.59,493.18
2,0.98,12.0,0.5,0.63,1.33,413.92
2,0.98,12.0,2.0,0.63,1.42,441.49
2,0.98,12.0,5.0,0.63,1.51,469.07
2,0.98,12.0,10.0,0.63,1.59,493.18
2,0.98,15.0,0.5,0.63,1.33,413.92
2,0.98,15.0,2.0,0.63,1.42,441.49
2,0.98,15.0,5.0,0.63,1.51,469.07
2,0.98,15.0,10.0,0.63,1.59,493.18
3,0.3,4.0,0.5,0.0,0.1,31.1
3,0.3,4.0,2.0,0.0,0.1,31.1
3,0.3,4.0,5.0,0.0,0.1,31.1
3,0.3,4.0,10.0,0.0,0.1,31.1
3,0.3,6.0,0.5,0.0,0.1,31.1
3,0.3,6.0,2.0,0.0,0.1,31.1
3,0.3,6.0,5.0,0.0,0.1,31.1
3,0.3,6.0,10.0,0.0,0.1,31.1
3,0.3,8.0,0.5,0.01,0.1,31.1
3,0.3,8.0,2.0,0.01,0.1,31.1
3,0.3,8.0,5.0,0.01,0.1,31.1
3,0.3,8.0,10.0,0.01,0.1,31.1
3,0.3,10.0,0.5,0.03,0.1,31.1
3,0.3,10.0,2.0,0.03,0.1,31.1
3,0.3,10.0,5.0,0.03,0.1,31.1
3,0.3,10.0,10.0,0.04,0.1,31.1
3,0.3,12.0,0.5,0.0,0.1,31.1
3,0.3,12.0,2.0,0.0,0.1,31.1
3,0.3,12.0,5.0,0.0,0.1,31.1
3,0.3,12.0,10.0,0.0,0.1,31.1
3,0.3,15.0,0.5,0.0,0.1,31.1
3,0.3,15.0,2.0,0.0,0.1,31.1
3,0.3,15.0,5.0,0.0,0.1,31.1
3,0.3,15.0,10.0,0.0,0.1,31.1
3,0.5,4.0,0.5,0.0,0.1,31.1
3,0.5,4.0,2.0,0.0,0.1,31.1
3,0.5,4.0,5.0,0.0,0.1,31.1
3,0.5,4.0,10.0,0.0,0.1,31.1
3,0.5,6.0,0.5,0.07,0.1,31.1
3,0.5,6.0,2.0,0.08,0.1,31.1
3,0.5,6.0,5.0,0.08,0.1,31.1
3,0.5,6.0,10.0,0.08,0.1,31.1
3,0.5,8.0,0.5,0.33,0.1,31.1
3,0.5,8.0,2.0,0.35,0.1,31.1
3,0.5,8.0,5.0,0.37,0.1,31.1
3,0.5,8.0,10.0,0.39,0.1,31.1
3,0.5,10.0,0.5,0.91,0.1,31.1
3,0.5,10.0,2.0,0.97,0.1,31.1
3,0.5,10.0,5.0,1.03,0.1,31.1
3,0.5,10.0,10.0,1.08,0.1,31.1
3,0.5,12.0,0.5,0.01,0.1,31.1
3,0.5,12.0,2.0,0.01,0.1,31.1
3,0.5,12.0,5.0,0.01,0.1,31.1
3,0.5,12.0,10.0,0.01,0.1,31.1
3,0.5,15.0,0.5,0.01,0.1,31.1
3,0.5,15.0,2.0,0.01,0.1,31.1
3,0.5,15.0,5.0,0.01,0.1,31.1
3,0.5,15.0,10.0,0.01,0.1,31.1
3,0.7,4.0,0.5,0.03,0.25,78.19
3,0.7,4.0,2.0,0.03,0.27,83.4
3,0.7,4.0,5.0,0.03,0.28,88.6
3,0.7,4.0,10.0,0.03,0.3,93.16
3,0.7,6.0,0.5,0.68,0.25,78.19
3,0.7,6.0,2.0,0.72,0.27,83.4
3,0.7,6.0,5.0,0.77,0.28,88.6
3,0.7,6.0,10.0,0.81,0.3,93.16
3,0.7,8.0,0.5,3.14,0.25,78.19
3,0.7,8.0,2.0,3.35,0.27,83.4
3,0.7,8.0,5.0,3.56,0.28,88.6
3,0.7,8.0,10.0,3.75,0.3,93.16
3,0.7,10.0,0.5,8.63,0.25,78.19
3,0.7,10.0,2.0,9.2,0.27,83.4
3,0.7,10.0,5.0,9.78,0.28,88.6
3,0.7,10.0,10.0,10.28,0.3,93.16
3,0.7,12.0,0.5,0.12,0.25,78.19
3,0.7,12.0,2.0,0.12,0.27,83.4
3,0.7,12.0,5.0,0.12,0.28,88.6
3,0.7,12.0,10.0,0.12,0.3,93.16
3,0.7,15.0,0.5,0.12,0.25,78.19
3,0.7,15.0,2.0,0.12,0.27,83.4
3,0.7,15.0,5.0,0.12,0.28,88.6
3,0.7,15.0,10.0,0.12,0.3,93.16
3,0.85,4.0,0.5,0.09,0.92,287.13
3,0.85,4.0,2.0,0.1,0.98,306.26
3,0.85,4.0,5.0,0.1,1.05,325.39
3,0.85,4.0,10.0,0.11,1.1,342.11
3,0.85,6.0,0.5,2.49,0.92,287.13
3,0.85,6.0,2.0,2.66,0.98,306.26
3,0.85,6.0,5.0,2.83,1.05,325.39
3,0.85,6.0,10.0,2.97,1.1,342.11
3,0.85,8.0,0.5,11.55,0.92,287.13
3,0.85,8.0,2.0,12.32,0.98,306.26
3,0.85,8.0,5.0,13.09,1.05,325.39
3,0.85,8.0,10.0,13.76,1.1,342.11
3,0.85,10.0,0.5,31.69,0.92,287.13
3,0.85,10.0,2.0,33.8,0.98,306.26
3,0.85,10.0,5.0,35.91,1.05,325.39
3,0.85,10.0,10.0,37.76,1.1,342.11
3,0.85,12.0,0.5,0.44,0.92,287.13
3,0.85,12.0,2.0,0.44,0.98,306.26
3,0.85,12.0,5.0,0.44,1.05,325.39
3,0.85,12.0,10.0,0.44,1.1,342.11
3,0.85,15.0,0.5,0.44,0.92,287.13
3,0.85,15.0,2.0,0.44,0.98,306.26
3,0.85,15.0,5.0,0.44,1.05,325.39
3,0.85,15.0,10.0,0.44,1.1,342.11
3,0.9,4.0,0.5,0.14,1.35,421.12
3,0.9,4.0,2.0,0.14,1.44,449.17
3,0.9,4.0,5.0,0.15,1.53,477.22
3,0.9,4.0,10.0,0.16,1.61,501.75
3,0.9,6.0,0.5,3.66,1.35,421.12
3,0.9,6.0,2.0,3.9,1.44,449.17
3,0.9,6.0,5.0,4.15,1.53,477.22
3,0.9,6.0,10.0,4.36,1.61,501.75
3,0.9,8.0,0.5,16.94,1.35,421.12
3,0.9,8.0,2.0,18.07,1.44,449.17
3,0.9,8.0,5.0,19.19,1.53,477.22
3,0.9,8.0,10.0,20.18,1.61,501.75
3,0.9,10.0,0.5,46.48,1.35,421.12
3,0.9,10.0,2.0,49.57,1.44,449.17
3,0.9,10.0,5.0,52.67,1.53,477.22
3,0.9,10.0,10.0,55.38,1.61,501.75
3,0.9,12.0,0.5,0.64,1.35,421.12
3,0.9,12.0,2.0,0.64,1.44,449.17
3,0.9,12.0,5.0,0.64,1.53,477.22
3,0.9,12.0,10.0,0.64,1.61,501.75
3,0.9,15.0,0.5,0.64,1.35,421.12
3,0.9,15.0,2.0,0.64,1.44,449.17
3,0.9,15.0,5.0,0.64,1.53,477.22
3,0.9,15.0,10.0,0.64,1.61,501.75
3,0.95,4.0,0.5,0.19,1.94,604.96
3,0.95,4.0,2.0,0.21,2.07,645.26
3,0.95,4.0,5.0,0.22,2.2,685.55
3,0.95,4.0,10.0,0.23,2.32,720.79
3,0.95,6.0,0.5,5.26,1.94,604.96
3,0.95,6.0,2.0,5.61,2.07,645.26
3,0.95,6.0,5.0,5.96,2.2,685.55
3,0.95,6.0,10.0,6.26,2.32,720.79
3,0.95,8.0,0.5,24.33,1.94,604.96
3,0.95,8.0,2.0,25.95,2.07,645.26
3,0.95,8.0,5.0,27.57,2.2,685.55
3,0.95,8.0,10.0,28.99,2.32,720.79
3,0.95,10.0,0.5,66.77,1.94,604.96
3,0.95,10.0,2.0,71.21,2.07,645.26
3,0.95,10.0,5.0,75.66,2.2,685.55
3,0.95,10.0,10.0,79.55,2.32,720.79
3,0.95,12.0,0.5,0.92,1.94,604.96
3,0.95,12.0,2.0,0.92,2.07,645.26
3,0.95,12.0,5.0,0.92,2.2,685.55
3,0.95,12.0,10.0,0.92,2.32,720.79
3,0.95,15.0,0.5,0.92,1.94,604.96
3,0.95,15.0,2.0,0.92,2.07,645.26
3,0.95,15.0,5.0,0.92,2.2,685.55
3,0.95,15.0,10.0,0.92,2.32,720.79
3,0.98,4.0,0.5,0.24,2.4,745.06
3,0.98,4.0,2.0,0.26,2.55,794.69
3,0.98,4.0,5.0,0.27,2.71,844.32
3,0.98,4.0,10.0,0.29,2.85,887.72
3,0.98,6.0,0.5,6.47,2.4,745.06
3,0.98,6.0,2.0,6.9,2.55,794.69
3,0.98,6.0,5.0,7.34,2.71,844.32
3,0.98,6.0,10.0,7.71,2.85,887.72
3,0.98,8.0,0.5,29.97,2.4,745.06
3,0.98,8.0,2.0,31.96,2.55,794.69
3,0.98,8.0,5.0,33.96,2.71,844.32
3,0.98,8.0,10.0,35.71,2.85,887.72
3,0.98,10.0,0.5,82.23,2.4,745.06
3,0.98,10.0,2.0,87.71,2.55,794.69
3,0.98,10.0,5.0,93.18,2.71,844.32
3,0.98,10.0,10.0,97.97,2.85,887.72
3,0.98,12.0,0.5,1.13,2.4,745.06
3,0.98,12.0,2.0,1.13,2.55,794.69
3,0.98,12.0,5.0,1.13,2.71,844.32
3,0.98,12.0,10.0,1.13,2.85,887.72
3,0.98,15.0,0.5,1.13,2.4,745.06
3,0.98,15.0,2.0,1.13,2.55,794.69
3,0.98,15.0,5.0,1.13,2.71,844.32
3,0.98,15.0,10.0,1.13,2.85,887.72
4,0.3,4.0,0.5,0.0,0.1,31.1
4,0.3,4.0,2.0,0.0,0.1,31.1
4,0.3,4.0,5.0,0.0,0.1,31.1
4,0.3,4.0,10.0,0.0,0.1,31.1
4,0.3,6.0,0.5,0.0,0.1,31.1
4,0.3,6.0,2.0,0.0,0.1,31.1
4,0.3,6.0,5.0,0.0,0.1,31.1
4,0.3,6.0,10.0,0.0,0.1,31.1
4,0.3,8.0,0.5,0.02,0.1,31.1
4,0.3,8.0,2.0,0.02,0.1,31.1
4,0.3,8.0,5.0,0.02,0.1,31.1
4,0.3,8.0,10.0,0.02,0.1,31.1
4,0.3,10.0,0.5,0.05,0.1,31.1
4,0.3,10.0,2.0,0.05,0.1,31.1
4,0.3,10.0,5.0,0.05,0.1,31.1
4,0.3,10.0,10.0,0.05,0.1,31.1
4,0.3,12.0,0.5,0.0,0.1,31.1
4,0.3,12.0,2.0,0.0,0.1,31.1
4,0.3,12.0,5.0,0.0,0.1,31.1
4,0.3,12.0,10.0,0.0,0.1,31.1
4,0.3,15.0,0.5,0.0,0.1,31.1
4,0.3,15.0,2.0,0.0,0.1,31.1
4,0.3,15.0,5.0,0.0,0.1,31.1
4,0.3,15.0,10.0,0.0,0.1,31.1
4,0.5,4.0,0.5,0.0,0.1,31.1
4,0.5,4.0,2.0,0.0,0.1,31.1
4,0.5,4.0,5.0,0.0,0.1,31.1
4,0.5,4.0,10.0,0.0,0.1,31.1
4,0.5,6.0,0.5,0.11,0.1,31.1
4,0.5,6.0,2.0,0.12,0.1,31.1
4,0.5,6.0,5.0,0.13,0.1,31.1
4,0.5,6.0,10.0,0.13,0.1,31.1
4,0.5,8.0,0.5,0.51,0.1,31.1
4,0.5,8.0,2.0,0.55,0.1,31.1
4,0.5,8.0,5.0,0.58,0.1,31.1
4,0.5,8.0,10.0,0.61,0.1,31.1
4,0.5,10.0,0.5,1.41,0.1,31.1
4,0.5,10.0,2.0,1.5,0.1,31.1
4,0.5,10.0,5.0,1.6,0.1,31.1
4,0.5,10.0,10.0,1.68,0.1,31.1
4,0.5,12.0,0.5,0.02,0.1,31.1
4,0.5,12.0,2.0,0.02,0.1,31.1
4,0.5,12.0,5.0,0.02,0.1,31.1
4,0.5,12.0,10.0,0.02,0.1,31.1
4,0.5,15.0,0.5,0.02,0.1,31.1
4,0.5,15.0,2.0,0.02,0.1,31.1
4,0.5,15.0,5.0,0.02,0.1,31.1
4,0.5,15.0,10.0,0.02,0.1,31.1
4,0.7,4.0,0.5,0.04,0.39,121.62
4,0.7,4.0,2.0,0.04,0.42,129.73
4,0.7,4.0,5.0,0.04,0.44,137.83
4,0.7,4.0,10.0,0.05,0.47,144.91
4,0.7,6.0,0.5,1.06,0.39,121.62
4,0.7,6.0,2.0,1.13,0.42,129.73
4,0.7,6.0,5.0,1.2,0.44,137.83
4,0.7,6.0,10.0,1.26,0.47,144.91
4,0.7,8.0,0.5,4.89,0.39,121.62
4,0.7,8.0,2.0,5.22,0.42,129.73
4,0.7,8.0,5.0,5.54,0.44,137.83
4,0.7,8.0,10.0,5.83,0.47,144.91
4,0.7,10.0,0.5,13.42,0.39,121.62
4,0.7,10.0,2.0,14.32,0.42,129.73
4,0.7,10.0,5.0,15.21,0.44,137.83
4,0.7,10.0,10.0,15.99,0.47,144.91
4,0.7,12.0,0.5,0.18,0.39,121.62
4,0.7,12.0,2.0,0.18,0.42,129.73
4,0.7,12.0,5.0,0.18,0.44,137.83
4,0.7,12.0,10.0,0.18,0.47,144.91
4,0.7,15.0,0.5,0.18,0.39,121.62
4,0.7,15.0,2.0,0.18,0.42,129.73
4,0.7,15.0,5.0,0.18,0.44,137.83
4,0.7,15.0,10.0,0.18,0.47,144.91
4,0.85,4.0,0.5,0.14,1.44,446.65
4,0.85,4.0,2.0,0.15,1.53,476.4
4,0.85,4.0,5.0,0.16,1.63,506.16
4,0.85,4.0,10.0,0.17,1.71,532.18
4,0.85,6.0,0.5,3.88,1.44,446.65
4,0.85,6.0,2.0,4.14,1.53,476.4
4,0.85,6.0,5.0,4.4,1.63,506.16
4,0.85,6.0,10.0,4.62,1.71,532.18
4,0.85,8.0,0.5,17.96,1.44,446.65
4,0.85,8.0,2.0,19.16,1.53,476.4
4,0.85,8.0,5.0,20.36,1.63,506.16
4,0.85,8.0,10.0,21.4,1.71,532.18
4,0.85,10.0,0.5,49.3,1.44,446.65
4,0.85,10.0,2.0,52.58,1.53,476.4
4,0.85,10.0,5.0,55.86,1.63,506.16
4,0.85,10.0,10.0,58.73,1.71,532.18
4,0.85,12.0,0.5,0.68,1.44,446.65
4,0.85,12.0,2.0,0.68,1.53,476.4
4,0.85,12.0,5.0,0.68,1.63,506.16
4,0.85,12.0,10.0,0.68,1.71,532.18
4,0.85,15.0,0.5,0.68,1.44,446.65
4,0.85,15.0,2.0,0.68,1.53,476.4
4,0.85,15.0,5.0,0.68,1.63,506.16
4,0.85,15.0,10.0,0.68,1.71,532.18
4,0.9,4.0,0.5,0.21,2.11,655.07
4,0.9,4.0,2.0,0.22,2.25,698.7
4,0.9,4.0,5.0,0.24,2.39,742.34
4,0.9,4.0,10.0,0.25,2.51,780.5
4,0.9,6.0,0.5,5.69,2.11,655.07
4,0.9,6.0,2.0,6.07,2.25,698.7
4,0.9,6.0,5.0,6.45,2.39,742.34
4,0.9,6.0,10.0,6.78,2.51,780.5
4,0.9,8.0,0.5,26.35,2.11,655.07
4,0.9,8.0,2.0,28.1,2.25,698.7
4,0.9,8.0,5.0,29.86,2.39,742.34
4,0.9,8.0,10.0,31.39,2.51,780.5
4,0.9,10.0,0.5,72.3,2.11,655.07
4,0.9,10.0,2.0,77.11,2.25,698.7
4,0.9,10.0,5.0,81.93,2.39,742.34
4,0.9,10.0,10.0,86.14,2.51,780.5
4,0.9,12.0,0.5,1.0,2.11,655.07
4,0.9,12.0,2.0,1.0,2.25,698.7
4,0.9,12.0,5.0,1.0,2.39,742.34
4,0.9,12.0,10.0,1.0,2.51,780.5
4,0.9,15.0,0.5,1.0,2.11,655.07
4,0.9,15.0,2.0,1.0,2.25,698.7
4,0.9,15.0,5.0,1.0,2.39,742.34
4,0.9,15.0,10.0,1.0,2.51,780.5
4,0.95,4.0,0.5,0.3,3.03,941.04
4,0.95,4.0,2.0,0.32,3.23,1003.73
4,0.95,4.0,5.0,0.34,3.43,1066.42
4,0.95,4.0,10.0,0.36,3.6,1121.23
4,0.95,6.0,0.5,8.18,3.03,941.04
4,0.95,6.0,2.0,8.72,3.23,1003.73
4,0.95,6.0,5.0,9.26,3.43,1066.42
4,0.95,6.0,10.0,9.74,3.6,1121.23
4,0.95,8.0,0.5,37.85,3.03,941.04
4,0.95,8.0,2.0,40.37,3.23,1003.73
4,0.95,8.0,5.0,42.89,3.43,1066.42
4,0.95,8.0,10.0,45.1,3.6,1121.23
4,0.95,10.0,0.5,103.86,3.03,941.04
4,0.95,10.0,2.0,110.78,3.23,1003.73
4,0.95,10.0,5.0,117.7,3.43,1066.42
4,0.95,10.0,10.0,123.75,3.6,1121.23
4,0.95,12.0,0.5,1.43,3.03,941.04
4,0.95,12.0,2.0,1.43,3.23,1003.73
4,0.95,12.0,5.0,1.43,3.43,1066.42
4,0.95,12.0,10.0,1.43,3.6,1121.23
4,0.95,15.0,0.5,1.43,3.03,941.04
4,0.95,15.0,2.0,1.43,3.23,1003.73
4,0.95,15.0,5.0,1.43,3.43,1066.42
4,0.95,15.0,10.0,1.43,3.6,1121.23
4,0.98,4.0,0.5,0.37,3.73,1158.98
4,0.98,4.0,2.0,0.4,3.97,1236.19
4,0.98,4.0,5.0,0.42,4.22,1313.39
4,0.98,4.0,10.0,0.44,4.44,1380.9
4,0.98,6.0,0.5,10.07,3.73,1158.98
4,0.98,6.0,2.0,10.74,3.97,1236.19
4,0.98,6.0,5.0,11.41,4.22,1313.39
4,0.98,6.0,10.0,12.0,4.44,1380.9
4,0.98,8.0,0.5,46.62,3.73,1158.98
4,0.98,8.0,2.0,49.72,3.97,1236.19
4,0.98,8.0,5.0,52.83,4.22,1313.39
4,0.98,8.0,10.0,55.54,4.44,1380.9
4,0.98,10.0,0.5,127.91,3.73,1158.98
4,0.98,10.0,2.0,136.43,3.97,1236.19
4,0.98,10.0,5.0,144.95,4.22,1313.39
4,0.98,10.0,10.0,152.41,4.44,1380.9
4,0.98,12.0,0.5,1.76,3.73,1158.98
4,0.98,12.0,2.0,1.76,3.97,1236.19
4,0.98,12.0,5.0,1.76,4.22,1313.39
4,0.98,12.0,10.0,1.76,4.44,1380.9
4,0.98,15.0,0.5,1.76,3.73,1158.98
4,0.98,15.0,2.0,1.76,3.97,1236.19
4,0.98,15.0,5.0,1.76,4.22,1313.39
4,0.98,15.0,10.0,1.76,4.44,1380.9
5,0.3,4.0,0.5,0.0,0.1,31.1
5,0.3,4.0,2.0,0.0,0.1,31.1
5,0.3,4.0,5.0,0.0,0.1,31.1
5,0.3,4.0,10.0,0.0,0.1,31.1
5,0.3,6.0,0.5,0.0,0.1,31.1
5,0.3,6.0,2.0,0.01,0.1,31.1
5,0.3,6.0,5.0,0.01,0.1,31.1
5,0.3,6.0,10.0,0.01,0.1,31.1
5,0.3,8.0,0.5,0.02,0.1,31.1
5,0.3,8.0,2.0,0.02,0.1,31.1
5,0.3,8.0,5.0,0.03,0.1,31.1
5,0.3,8.0,10.0,0.03,0.1,31.1
5,0.3,10.0,0.5,0.06,0.1,31.1
5,0.3,10.0,2.0,0.07,0.1,31.1
5,0.3,10.0,5.0,0.07,0.1,31.1
5,0.3,10.0,10.0,0.07,0.1,31.1
5,0.3,12.0,0.5,0.0,0.1,31.1
5,0.3,12.0,2.0,0.0,0.1,31.1
5,0.3,12.0,5.0,0.0,0.1,31.1
5,0.3,12.0,10.0,0.0,0.1,31.1
5,0.3,15.0,0.5,0.0,0.1,31.1
5,0.3,15.0,2.0,0.0,0.1,31.1
5,0.3,15.0,5.0,0.0,0.1,31.1
5,0.3,15.0,10.0,0.0,0.1,31.1
5,0.5,4.0,0.5,0.01,0.1,31.1
5,0.5,4.0,2.0,0.01,0.1,31.1
5,0.5,4.0,5.0,0.01,0.1,31.1
5,0.5,4.0,10.0,0.01,0.1,31.1
5,0.5,6.0,0.5,0.15,0.1,31.1
5,0.5,6.0,2.0,0.16,0.1,31.1
5,0.5,6.0,5.0,0.17,0.1,31.1
5,0.5,6.0,10.0,0.18,0.1,31.1
5,0.5,8.0,0.5,0.7,0.1,31.1
5,0.5,8.0,2.0,0.74,0.1,31.1
5,0.5,8.0,5.0,0.79,0.1,31.1
5,0.5,8.0,10.0,0.83,0.1,31.1
5,0.5,10.0,0.5,1.91,0.1,31.1
5,0.5,10.0,2.0,2.04,0.1,31.1
5,0.5,10.0,5.0,2.17,0.1,31.1
5,0.5,10.0,10.0,2.28,0.1,31.1
5,0.5,12.0,0.5,0.03,0.1,31.1
5,0.5,12.0,2.0,0.03,0.1,31.1
5,0.5,12.0,5.0,0.03,0.1,31.1
5,0.5,12.0,10.0,0.03,0.1,31.1
5,0.5,15.0,0.5,0.03,0.1,31.1
5,0.5,15.0,2.0,0.03,0.1,31.1
5,0.5,15.0,5.0,0.03,0.1,31.1
5,0.5,15.0,10.0,0.03,0.1,31.1
5,0.7,4.0,0.5,0.05,0.53,165.06
5,0.7,4.0,2.0,0.06,0.57,176.06
5,0.7,4.0,5.0,0.06,0.6,187.05
5,0.7,4.0,10.0,0.06,0.63,196.67
5,0.7,6.0,0.5,1.43,0.53,165.06
5,0.7,6.0,2.0,1.53,0.57,176.06
5,0.7,6.0,5.0,1.63,0.6,187.05
5,0.7,6.0,10.0,1.71,0.63,196.67
5,0.7,8.0,0.5,6.64,0.53,165.06
5,0.7,8.0,2.0,7.08,0.57,176.06
5,0.7,8.0,5.0,7.52,0.6,187.05
5,0.7,8.0,10.0,7.91,0.63,196.67
5,0.7,10.0,0.5,18.22,0.53,165.06
5,0.7,10.0,2.0,19.43,0.57,176.06
5,0.7,10.0,5.0,20.64,0.6,187.05
5,0.7,10.0,10.0,21.71,0.63,196.67
5,0.7,12.0,0.5,0.25,0.53,165.06
5,0.7,12.0,2.0,0.25,0.57,176.06
5,0.7,12.0,5.0,0.25,0.6,187.05
5,0.7,12.0,10.0,0.25,0.63,196.67
5,0.7,15.0,0.5,0.25,0.53,165.06
5,0.7,15.0,2.0,0.25,0.57,176.06
5,0.7,15.0,5.0,0.25,0.6,187.05
5,0.7,15.0,10.0,0.25,0.63,196.67
5,0.85,4.0,0.5,0.2,1.95,606.17
5,0.85,4.0,2.0,0.21,2.08,646.55
5,0.85,4.0,5.0,0.22,2.21,686.93
5,0.85,4.0,10.0,0.23,2.32,722.24
5,0.85,6.0,0.5,5.27,1.95,606.17
5,0.85,6.0,2.0,5.62,2.08,646.55
5,0.85,6.0,5.0,5.97,2.21,686.93
5,0.85,6.0,10.0,6.27,2.32,722.24
5,0.85,8.0,0.5,24.38,1.95,606.17
5,0.85,8.0,2.0,26.0,2.08,646.55
5,0.85,8.0,5.0,27.63,2.21,686.93
5,0.85,8.0,10.0,29.05,2.32,722.24
5,0.85,10.0,0.5,66.9,1.95,606.17
5,0.85,10.0,2.0,71.36,2.08,646.55
5,0.85,10.0,5.0,75.81,2.21,686.93
5,0.85,10.0,10.0,79.71,2.32,722.24
5,0.85,12.0,0.5,0.92,1.95,606.17
5,0.85,12.0,2.0,0.92,2.08,646.55
5,0.85,12.0,5.0,0.92,2.21,686.93
5,0.85,12.0,10.0,0.92,2.32,722.24
5,0.85,15.0,0.5,0.92,1.95,606.17
5,0.85,15.0,2.0,0.92,2.08,646.55
5,0.85,15.0,5.0,0.92,2.21,686.93
5,0.85,15.0,10.0,0.92,2.32,722.24
5,0.9,4.0,0.5,0.29,2.86,889.02
5,0.9,4.0,2.0,0.31,3.05,948.24
5,0.9,4.0,5.0,0.32,3.24,1007.46
5,0.9,4.0,10.0,0.34,3.41,1059.25
5,0.9,6.0,0.5,7.72,2.86,889.02
5,0.9,6.0,2.0,8.24,3.05,948.24
5,0.9,6.0,5.0,8.75,3.24,1007.46
5,0.9,6.0,10.0,9.2,3.41,1059.25
5,0.9,8.0,0.5,35.76,2.86,889.02
5,0.9,8.0,2.0,38.14,3.05,948.24
5,0.9,8.0,5.0,40.52,3.24,1007.46
5,0.9,8.0,10.0,42.6,3.41,1059.25
5,0.9,10.0,0.5,98.12,2.86,889.02
5,0.9,10.0,2.0,104.65,3.05,948.24
5,0.9,10.0,5.0,111.19,3.24,1007.46
5,0.9,10.0,10.0,116.91,3.41,1059.25
5,0.9,12.0,0.5,1.35,2.86,889.02
5,0.9,12.0,2.0,1.35,3.05,948.24
5,0.9,12.0,5.0,1.35,3.24,1007.46
5,0.9,12.0,10.0,1.35,3.41,1059.25
5,0.9,15.0,0.5,1.35,2.86,889.02
5,0.9,15.0,2.0,1.35,3.05,948.24
5,0.9,15.0,5.0,1.35,3.24,1007.46
5,0.9,15.0,10.0,1.35,3.41,1059.25
5,0.95,4.0,0.5,0.41,4.11,1277.13
5,0.95,4.0,2.0,0.44,4.38,1362.21
5,0.95,4.0,5.0,0.47,4.65,1447.28
5,0.95,4.0,10.0,0.49,4.89,1521.67
5,0.95,6.0,0.5,11.1,4.11,1277.13
5,0.95,6.0,2.0,11.83,4.38,1362.21
5,0.95,6.0,5.0,12.57,4.65,1447.28
5,0.95,6.0,10.0,13.22,4.89,1521.67
5,0.95,8.0,0.5,51.37,4.11,1277.13
5,0.95,8.0,2.0,54.79,4.38,1362.21
5,0.95,8.0,5.0,58.21,4.65,1447.28
5,0.95,8.0,10.0,61.2,4.89,1521.67
5,0.95,10.0,0.5,140.95,4.11,1277.13
5,0.95,10.0,2.0,150.34,4.38,1362.21
5,0.95,10.0,5.0,159.73,4.65,1447.28
5,0.95,10.0,10.0,167.94,4.89,1521.67
5,0.95,12.0,0.5,1.94,4.11,1277.13
5,0.95,12.0,2.0,1.94,4.38,1362.21
5,0.95,12.0,5.0,1.94,4.65,1447.28
5,0.95,12.0,10.0,1.94,4.89,1521.67
5,0.95,15.0,0.5,1.94,4.11,1277.13
5,0.95,15.0,2.0,1.94,4.38,1362.21
5,0.95,15.0,5.0,1.94,4.65,1447.28
5,0.95,15.0,10.0,1.94,4.89,1521.67
5,0.98,4.0,0.5,0.51,5.06,1572.9
5,0.98,4.0,2.0,0.54,5.39,1677.68
5,0.98,4.0,5.0,0.57,5.73,1782.46
5,0.98,4.0,10.0,0.6,6.03,1874.08
5,0.98,6.0,0.5,13.66,5.06,1572.9
5,0.98,6.0,2.0,14.58,5.39,1677.68
5,0.98,6.0,5.0,15.49,5.73,1782.46
5,0.98,6.0,10.0,16.28,6.03,1874.08
5,0.98,8.0,0.5,63.26,5.06,1572.9
5,0.98,8.0,2.0,67.48,5.39,1677.68
5,0.98,8.0,5.0,71.69,5.73,1782.46
5,0.98,8.0,10.0,75.38,6.03,1874.08
5,0.98,10.0,0.5,173.6,5.06,1572.9
5,0.98,10.0,2.0,185.16,5.39,1677.68
5,0.98,10.0,5.0,196.72,5.73,1782.46
5,0.98,10.0,10.0,206.84,6.03,1874.08
5,0.98,12.0,0.5,2.39,5.06,1572.9
5,0.98,12.0,2.0,2.39,5.39,1677.68
5,0.98,12.0,5.0,2.39,5.73,1782.46
5,0.98,12.0,10.0,2.39,6.03,1874.08
5,0.98,15.0,0.5,2.39,5.06,1572.9
5,0.98,15.0,2.0,2.39,5.39,1677.68
5,0.98,15.0,5.0,2.39,5.73,1782.46
5,0.98,15.0,10.0,2.39,6.03,1874.08
